{"labels": [1, 2, 2, 2, 2, 2, 1, 1, 2, 1, 2, 2, 3, 0, 2, 3, 1, 1, 3, 2, 3], "scores": [0.9898768067359924, 0.7222710847854614, 0.5147903561592102, 0.44390997290611267, 0.3649301826953888, 0.2934389114379883, 0.022578196600079536, 0.017652444541454315, 0.01602841354906559, 0.010208038613200188, 0.009642663411796093, 0.008043767884373665, 0.006713883485645056, 0.005880714859813452, 0.005049844738095999, 0.0037832714151591063, 0.003735050791874528, 0.002581685781478882, 0.0013010866241529584, 0.0005972866783849895, 0.00042837002547457814], "bboxes": [[994.8035888671875, 374.87969970703125, 1336.62451171875, 792.8952026367188], [-0.1925378143787384, 202.5057373046875, 179.8418426513672, 468.4963073730469], [22.3676700592041, 510.3648681640625, 232.90052795410156, 956.4064331054688], [772.8639526367188, 708.6968383789062, 1012.56689453125, 952.1918334960938], [1038.2606201171875, 790.045654296875, 1243.169189453125, 1068.9710693359375], [263.61102294921875, 401.3479309082031, 630.9572143554688, 899.8280029296875], [444.1279296875, 216.7497100830078, 552.3414916992188, 311.15557861328125], [263.61102294921875, 401.3479309082031, 630.9572143554688, 899.8280029296875], [165.68946838378906, 229.75631713867188, 273.1167297363281, 361.2582702636719], [254.34426879882812, 0.3239912986755371, 375.6239013671875, 73.4267807006836], [-4.5738091468811035, 455.3939208984375, 83.00821685791016, 698.9617919921875], [444.27545166015625, 932.2402954101562, 710.9478759765625, 1054.7493896484375], [254.34426879882812, 0.3239912986755371, 375.6239013671875, 73.4267807006836], [783.961181640625, 343.677490234375, 962.3770141601562, 489.75384521484375], [-5.651345729827881, 388.7154846191406, 165.88662719726562, 773.9716186523438], [444.1279296875, 216.7497100830078, 552.3414916992188, 311.15557861328125], [1615.3162841796875, 20.642215728759766, 1910.9774169921875, 332.4260559082031], [-0.3072287142276764, 795.9364624023438, 72.7294692993164, 976.1263427734375], [444.27545166015625, 932.2402954101562, 710.9478759765625, 1054.7493896484375], [783.961181640625, 343.677490234375, 962.3770141601562, 489.75384521484375], [-0.3072287142276764, 795.9364624023438, 72.7294692993164, 976.1263427734375]]}