{"labels": [1, 1, 1, 0, 1, 0, 1, 1, 0, 0, 0, 0, 0, 0, 1, 1, 0, 0, 3, 1, 3, 0, 1, 0, 3, 3, 1, 0, 3, 3, 3, 1, 1, 3, 0, 1, 0, 1, 3, 1, 1, 1, 1, 3, 1, 1, 3, 3, 2, 1, 1, 3, 1, 3, 3, 3, 1, 1, 1, 1, 3, 3, 1, 0, 1, 3, 3, 0], "scores": [0.9976403713226318, 0.993064284324646, 0.9923334121704102, 0.9821891784667969, 0.9800695180892944, 0.9581680297851562, 0.9525285363197327, 0.9465544819831848, 0.9446449279785156, 0.9197500944137573, 0.9026128649711609, 0.8568460941314697, 0.8546435236930847, 0.8126152157783508, 0.7122278809547424, 0.6855795383453369, 0.5374799370765686, 0.3355397880077362, 0.3176630139350891, 0.2972107231616974, 0.25667768716812134, 0.19425271451473236, 0.1909279078245163, 0.16019068658351898, 0.13294430077075958, 0.10716643929481506, 0.06558500975370407, 0.06439918279647827, 0.046427808701992035, 0.03166372701525688, 0.031162632629275322, 0.025685666128993034, 0.020084215328097343, 0.018585512414574623, 0.018349479883909225, 0.018297232687473297, 0.017784560099244118, 0.016367295756936073, 0.013476102612912655, 0.013265370391309261, 0.013085678219795227, 0.01205800287425518, 0.010899530723690987, 0.010420339182019234, 0.01002422533929348, 0.008111286908388138, 0.007212358061224222, 0.007110718637704849, 0.0070735435001552105, 0.007054291199892759, 0.0067751118913292885, 0.006502293981611729, 0.006426811218261719, 0.005847955122590065, 0.005756148602813482, 0.005506245885044336, 0.003207134548574686, 0.002785593504086137, 0.0022954759187996387, 0.0019055770244449377, 0.0013201351976022124, 0.0011941371485590935, 0.001161442487500608, 0.0009015713003464043, 0.0008994763484224677, 0.000828111544251442, 0.0005739753833040595, 0.0003378317051101476], "bboxes": [[487.9859313964844, 430.2828369140625, 677.7037353515625, 612.3036499023438], [164.9864044189453, 221.34298706054688, 424.7685546875, 418.1456298828125], [922.748291015625, 297.0881652832031, 1024.5570068359375, 378.95062255859375], [327.8966064453125, 352.269287109375, 497.9685363769531, 481.3733215332031], [191.45074462890625, 32.75090026855469, 428.2579345703125, 179.9756317138672], [1200.6185302734375, 512.3927001953125, 1347.56494140625, 639.9407958984375], [1238.1641845703125, 141.16566467285156, 1356.18896484375, 224.46957397460938], [842.2396850585938, 658.275146484375, 937.3912963867188, 750.1878662109375], [232.47328186035156, 778.2921752929688, 464.8563232421875, 926.3154907226562], [990.7516479492188, 528.5526733398438, 1148.4879150390625, 663.6707763671875], [6.238770961761475, 180.32626342773438, 183.64122009277344, 304.70904541015625], [1418.8248291015625, 645.1483154296875, 1603.0057373046875, 756.881103515625], [697.4551391601562, 421.50244140625, 799.5737915039062, 524.9271850585938], [919.329345703125, 965.4864501953125, 1059.1573486328125, 1080.0384521484375], [1.1495048999786377, 335.5762023925781, 131.48304748535156, 464.5761413574219], [1611.6279296875, 175.9268798828125, 1743.75146484375, 250.5696258544922], [1020.33837890625, 46.16483688354492, 1155.578369140625, 172.29583740234375], [497.30767822265625, 1.3033857345581055, 627.923828125, 55.66087341308594], [1249.1243896484375, 876.1617431640625, 1288.7486572265625, 911.72021484375], [784.153564453125, 76.09449005126953, 850.0868530273438, 150.5409393310547], [1195.6298828125, 371.5229187011719, 1233.865966796875, 405.4964599609375], [1686.296630859375, 0.09429329633712769, 1900.4324951171875, 149.87173461914062], [169.1432647705078, 748.1609497070312, 274.263427734375, 809.2084350585938], [1708.3896484375, 150.91905212402344, 1902.7972412109375, 280.9873962402344], [930.9244384765625, 379.3526306152344, 961.31298828125, 400.8038635253906], [1519.5059814453125, 150.47093200683594, 1570.120361328125, 185.98526000976562], [755.7134399414062, 65.60734558105469, 824.4028930664062, 128.3154754638672], [755.7134399414062, 65.60734558105469, 824.4028930664062, 128.3154754638672], [1361.15380859375, 917.5639038085938, 1436.556396484375, 984.9550170898438], [1194.7882080078125, 819.6387939453125, 1238.092041015625, 864.2197875976562], [797.8941040039062, 34.09592056274414, 879.677734375, 83.96627044677734], [21.563648223876953, 1027.6666259765625, 115.29231262207031, 1082.11865234375], [1575.4722900390625, 181.7757110595703, 1687.774169921875, 245.7965545654297], [1239.5247802734375, 865.6263427734375, 1304.0687255859375, 921.223876953125], [1792.508544921875, 29.885282516479492, 1915.8880615234375, 148.25213623046875], [1708.3896484375, 150.91905212402344, 1902.7972412109375, 280.9873962402344], [1617.1025390625, 20.208471298217773, 1927.9539794921875, 274.0818786621094], [1854.8621826171875, 422.023681640625, 1919.315673828125, 513.3209228515625], [1306.1138916015625, 870.443359375, 1400.0701904296875, 935.9180297851562], [797.8941040039062, 34.09592056274414, 879.677734375, 83.96627044677734], [805.7255249023438, 196.7045440673828, 887.2324829101562, 269.5276794433594], [1187.9278564453125, 809.4549560546875, 1247.4248046875, 872.4619140625], [147.25479125976562, 31.42149543762207, 230.06768798828125, 82.41674041748047], [726.7236328125, 0.043190907686948776, 756.423828125, 21.46695899963379], [1182.990234375, 658.97119140625, 1274.8369140625, 722.1846923828125], [778.0952758789062, 84.8052978515625, 827.51611328125, 133.49290466308594], [1270.280517578125, 431.91363525390625, 1300.65234375, 459.365478515625], [1598.38671875, 937.8375244140625, 1644.811279296875, 973.3231811523438], [1086.3665771484375, -4.888779163360596, 1256.044677734375, 44.681236267089844], [1461.7403564453125, 433.1986999511719, 1539.2222900390625, 485.96612548828125], [145.50363159179688, 732.0696411132812, 309.6588134765625, 838.9208374023438], [848.6578369140625, 70.2179946899414, 946.7615356445312, 115.40133666992188], [64.76361846923828, 952.9993286132812, 168.86883544921875, 1032.7637939453125], [880.4922485351562, 97.26316833496094, 915.3115844726562, 122.6879653930664], [1363.91357421875, 41.533756256103516, 1403.5406494140625, 70.14727020263672], [1182.990234375, 658.97119140625, 1274.8369140625, 722.1846923828125], [848.6578369140625, 70.2179946899414, 946.7615356445312, 115.40133666992188], [1617.1025390625, 20.208471298217773, 1927.9539794921875, 274.0818786621094], [1306.1138916015625, 870.443359375, 1400.0701904296875, 935.9180297851562], [1792.508544921875, 29.885282516479492, 1915.8880615234375, 148.25213623046875], [1575.4722900390625, 181.7757110595703, 1687.774169921875, 245.7965545654297], [1854.8621826171875, 422.023681640625, 1919.315673828125, 513.3209228515625], [1188.327880859375, 824.1049194335938, 1231.003662109375, 863.210693359375], [778.0952758789062, 84.8052978515625, 827.51611328125, 133.49290466308594], [880.4922485351562, 97.26316833496094, 915.3115844726562, 122.6879653930664], [147.25479125976562, 31.42149543762207, 230.06768798828125, 82.41674041748047], [1461.7403564453125, 433.1986999511719, 1539.2222900390625, 485.96612548828125], [780.33935546875, 83.80611419677734, 851.3316650390625, 175.713623046875]]}