{"labels": [0, 0, 0, 0, 0, 2, 0, 0, 0, 0, 1, 0, 0, 2, 0, 0, 0, 2, 0, 1, 1, 0, 3, 3, 2], "scores": [0.9805938005447388, 0.9673650860786438, 0.6535564661026001, 0.5145431160926819, 0.449374258518219, 0.4258939027786255, 0.3657976984977722, 0.3189830183982849, 0.1978536993265152, 0.05997537449002266, 0.04033347964286804, 0.016539182513952255, 0.016199875622987747, 0.015249188058078289, 0.013803190551698208, 0.012697375379502773, 0.00806773267686367, 0.00797638762742281, 0.007354248780757189, 0.006391768343746662, 0.005273017566651106, 0.004911535885185003, 0.0041526746936142445, 0.0007750255754217505, 0.00031875973218120635], "bboxes": [[1667.5137939453125, 250.57382202148438, 1833.4921875, 415.4321594238281], [131.0668487548828, 924.8751831054688, 309.2544860839844, 1080.6737060546875], [324.508544921875, 896.2659301757812, 451.5563049316406, 1053.0404052734375], [666.4142456054688, 791.1544799804688, 797.2802124023438, 916.4658203125], [1501.8887939453125, 2.606229305267334, 1597.965576171875, 117.51483917236328], [695.7161865234375, 414.2230224609375, 840.2421875, 561.0654296875], [1840.0294189453125, 244.74673461914062, 1932.0941162109375, 377.1448974609375], [343.5186462402344, 544.8439331054688, 477.3477478027344, 679.1597900390625], [320.6712951660156, 221.74974060058594, 418.47314453125, 324.5587463378906], [1020.0062255859375, 151.66156005859375, 1130.002685546875, 264.6859130859375], [639.4340209960938, 584.8343505859375, 755.8939208984375, 660.4607543945312], [686.8704223632812, 1.1124049425125122, 740.1854248046875, 41.152591705322266], [1434.67138671875, -3.6629316806793213, 1528.22265625, 69.81951141357422], [691.3623046875, 409.5802917480469, 796.3753662109375, 490.1563415527344], [-2.382690191268921, 848.5030517578125, 71.5951919555664, 1032.77734375], [1524.1199951171875, 980.940673828125, 1761.882568359375, 1092.0667724609375], [585.3877563476562, 0.6674947738647461, 644.7346801757812, 34.40935134887695], [86.39180755615234, 305.28021240234375, 196.5787811279297, 378.7320556640625], [95.1727294921875, 882.9417114257812, 390.83251953125, 1062.843994140625], [497.32122802734375, 646.3215942382812, 550.2350463867188, 733.3257446289062], [1859.8134765625, 133.09774780273438, 1939.337890625, 204.74603271484375], [639.4340209960938, 584.8343505859375, 755.8939208984375, 660.4607543945312], [639.4340209960938, 584.8343505859375, 755.8939208984375, 660.4607543945312], [497.32122802734375, 646.3215942382812, 550.2350463867188, 733.3257446289062], [1562.383544921875, 977.571044921875, 1809.013427734375, 1092.00341796875]]}